-- phpMyAdmin SQL Dump
-- version 4.7.3
-- https://www.phpmyadmin.net/
--
-- Hôte : spbusinezofideli.mysql.db
-- Généré le :  lun. 12 août 2019 à 15:23
-- Version du serveur :  5.6.39-log
-- Version de PHP :  7.0.33

SET SQL_MODE = "NO_AUTO_VALUE_ON_ZERO";
SET AUTOCOMMIT = 0;
START TRANSACTION;
SET time_zone = "+00:00";


/*!40101 SET @OLD_CHARACTER_SET_CLIENT=@@CHARACTER_SET_CLIENT */;
/*!40101 SET @OLD_CHARACTER_SET_RESULTS=@@CHARACTER_SET_RESULTS */;
/*!40101 SET @OLD_COLLATION_CONNECTION=@@COLLATION_CONNECTION */;
/*!40101 SET NAMES utf8mb4 */;

--
-- Base de données :  `spbusinezofideli`
--

-- --------------------------------------------------------

--
-- Structure de la table `licence`
--

CREATE TABLE `licence` (
  `id` int(11) NOT NULL,
  `vendor_id` int(11) DEFAULT NULL,
  `serial` varchar(25) COLLATE utf8mb4_unicode_ci NOT NULL,
  `shop_id` int(11) DEFAULT NULL,
  `terminal_id` int(11) NOT NULL,
  `pin` int(4) DEFAULT NULL,
  `periode` enum('3','6','12') COLLATE utf8mb4_unicode_ci NOT NULL,
  `actived` tinyint(1) NOT NULL DEFAULT '0',
  `activated_at` datetime DEFAULT NULL,
  `created_at` datetime NOT NULL,
  `expired_at` datetime DEFAULT NULL
) ENGINE=InnoDB DEFAULT CHARSET=utf8mb4 COLLATE=utf8mb4_unicode_ci;

--
-- Déchargement des données de la table `licence`
--

INSERT INTO `licence` (`id`, `vendor_id`, `serial`, `shop_id`, `terminal_id`, `pin`, `periode`, `actived`, `activated_at`, `created_at`, `expired_at`) VALUES
(98, 2, 'IZP10-40UCV-0E7GR-ZHO2D', 1, 7925, 8888, '3', 1, '2019-08-12 00:00:00', '2019-04-17 17:50:17', '2019-08-13 00:00:00'),
(99, 2, '5TY74-BRMQR-IEFRK-0Y3RT', 1, 1667, 1234, '3', 1, '2019-04-20 11:00:30', '2019-04-20 10:57:20', '2019-07-20 11:00:30'),
(100, NULL, 'KNPAJ-DL3CL-JTAPQ-FO3LK', 1, 9420, 1111, '3', 1, '2019-05-30 02:40:23', '2019-04-21 14:48:59', '2019-08-30 02:40:23'),
(101, NULL, 'NMBVA-3E4SM-MQPMJ-JUG9L', 1, 8853, 1111, '3', 1, '2019-04-21 14:51:31', '2019-04-21 14:48:59', '2019-07-21 14:51:31'),
(102, 2, 'KDP1S-S906D-IVAQ0-SEXFF', 26, 5640, 111, '3', 1, '2019-04-23 12:58:31', '2019-04-23 12:57:23', '2019-07-23 12:58:31'),
(103, 2, '0AZWA-OOV4K-H0SSL-HFM9Z', 26, 8925, 1111, '3', 0, NULL, '2019-04-23 12:57:28', NULL),
(104, 343, '27K52-0IPM8-FSVRE-0N3GX', 28, 7657, 1234, '3', 1, '2019-04-23 13:37:20', '2019-04-23 13:28:28', '2019-07-23 13:37:20'),
(105, 343, '8ROF2-D6ZNR-JAUUB-QWW7N', 29, 2772, 1234, '3', 1, '2019-04-23 14:29:31', '2019-04-23 13:32:31', '2019-07-23 14:29:31'),
(108, 343, '3BYLM-C8OUF-RJXID-MHECR', 29, 7494, 1234, '3', 1, '2019-04-26 09:04:16', '2019-04-26 09:03:02', '2019-07-26 09:04:16'),
(109, NULL, 'NP4KR-CCZOY-J3W31-X0EN0', 1, 2925, 1234, '3', 1, NULL, '2019-04-28 12:50:54', NULL),
(110, NULL, 'CZH0T-ICNAF-886YQ-P770H', 1, 4297, 111, '3', 1, '2019-05-14 14:06:59', '2019-05-14 14:05:54', '2019-08-14 14:06:59'),
(111, NULL, '2IE83-2BZ45-BCG7H-4RZ87', 1, 8091, 1234, '3', 1, '2019-05-15 21:12:46', '2019-05-15 21:11:22', '2019-08-15 21:12:46'),
(116, 38, 'WXLJF-1MVJ4-0KU3C-BGK3J', 2, 3511, 1111, '3', 0, NULL, '2019-07-16 02:35:34', NULL),
(125, 359, 'IQXC2-VUIM7-VDXUZ-ZJJYH', 38, 2037, 1111, '3', 0, '2019-07-26 11:32:59', '2019-07-26 11:31:36', '2019-10-26 11:32:59'),
(127, 359, 'XXH39-8ZWVK-T75JI-R6Q8X', 38, 7004, 1111, '3', 1, '2019-07-29 00:01:47', '2019-07-28 23:43:37', '2019-10-29 00:01:47'),
(128, 359, 'MWSDF-IJG84-2RL01-0IQ6W', 38, 6717, 1111, '3', 1, '2019-07-29 11:05:40', '2019-07-28 23:57:32', '2019-10-29 11:05:40'),
(129, 359, 'GWVOC-KOSUR-QCL1U-HFB2E', 38, 7851, 1111, '3', 1, '2019-07-29 16:16:40', '2019-07-29 16:15:37', '2019-10-29 16:16:40'),
(131, 359, '73ADC-VGZNF-1H4KS-IXGYP', 38, 3084, 1111, '3', 1, '2019-08-01 10:10:10', '2019-08-01 10:08:55', '2019-11-01 10:10:10'),
(132, NULL, 'ON8Q5-AV4VV-NX6W1-P76E6', 32, 4429, 1111, '3', 1, '2019-08-02 12:31:51', '2019-08-02 12:30:52', '2019-11-02 12:31:51'),
(133, 343, 'O2Y77-A3NHN-2MFV9-LVEZT', 28, 9269, 1111, '3', 1, '2019-08-11 11:43:19', '2019-08-05 12:43:34', '2019-11-11 11:43:19'),
(134, NULL, 'ZAIPF-BVQM9-2F6VG-5FO8D', 32, 1501, 1111, '3', 0, NULL, '2019-08-05 13:07:20', NULL),
(135, 364, '4YBED-HJKRQ-TN21T-W1FEN', 40, 8793, 1111, '3', 1, '2019-08-06 14:44:59', '2019-08-06 14:44:16', '2019-11-06 14:44:59'),
(138, 343, 'T64ZM-YXK05-GOD1B-B23P1', 29, 1430, 1111, '3', 1, '2019-08-09 12:42:20', '2019-08-09 12:41:14', '2019-11-09 12:42:20'),
(139, 359, 'AVT4D-HJZDW-F1I57-7MOSX', 38, 1345, 1111, '3', 1, '2019-08-09 12:48:22', '2019-08-09 12:46:31', '2019-11-09 12:48:22'),
(140, 343, 'D1RRP-I3XSB-9I05H-MHLZE', 41, 4141, 1111, '3', 1, '2019-08-11 20:53:34', '2019-08-11 20:48:31', '2019-11-11 20:53:34'),
(141, 343, 'QPV0I-ZLJ4O-M32SK-MIRQC', 41, 3097, 1111, '3', 1, '2019-08-12 08:59:12', '2019-08-11 20:51:18', '2019-11-12 08:59:12'),
(142, 359, '344O5-FYUAI-ZWO49-HZA3G', 38, 9088, 1111, '3', 0, NULL, '2019-08-11 20:51:38', NULL),
(143, NULL, 'B4VGF-DWWWY-RI6IM-QQVLB', 41, 2076, 1111, '3', 1, NULL, '2019-08-12 09:48:25', NULL),
(144, 359, 'CRFSZ-W42DQ-BPML7-532IR', 38, 9203, 1111, '3', 1, '2019-08-12 14:12:21', '2019-08-12 12:14:58', '2019-11-12 14:12:21');

-- --------------------------------------------------------

--
-- Structure de la table `migration_versions`
--

CREATE TABLE `migration_versions` (
  `version` varchar(14) COLLATE utf8mb4_unicode_ci NOT NULL,
  `executed_at` datetime NOT NULL COMMENT '(DC2Type:datetime_immutable)'
) ENGINE=InnoDB DEFAULT CHARSET=utf8mb4 COLLATE=utf8mb4_unicode_ci;

--
-- Déchargement des données de la table `migration_versions`
--

INSERT INTO `migration_versions` (`version`, `executed_at`) VALUES
('20190202210928', '2019-02-02 21:09:41'),
('20190202215953', '2019-02-02 22:00:05'),
('20190202220205', '2019-02-02 22:02:09'),
('20190202220413', '2019-02-02 22:04:18'),
('20190204141136', '2019-02-04 14:11:51'),
('20190204191742', '2019-02-04 19:17:54'),
('20190204203511', '2019-02-04 20:35:16'),
('20190205145537', '2019-02-05 14:55:43'),
('20190205165745', '2019-02-05 16:57:49'),
('20190205170633', '2019-02-05 17:06:40'),
('20190205175246', '2019-02-05 17:52:51'),
('20190205180043', '2019-02-05 18:00:46'),
('20190205185442', '2019-02-05 18:54:47'),
('20190205195441', '2019-02-05 19:54:45'),
('20190205195521', '2019-02-05 19:55:24'),
('20190209195048', '2019-02-09 19:51:14'),
('20190209204826', '2019-02-09 20:48:31'),
('20190210185503', '2019-02-10 18:55:17'),
('20190211145230', '2019-02-11 14:52:42'),
('20190211181613', '2019-02-11 18:16:17'),
('20190212133141', '2019-02-12 13:31:53');

-- --------------------------------------------------------

--
-- Structure de la table `shop`
--

CREATE TABLE `shop` (
  `id` int(11) NOT NULL,
  `image` text COLLATE utf8mb4_unicode_ci,
  `user_id_id` int(11) DEFAULT NULL,
  `name` varchar(255) COLLATE utf8mb4_unicode_ci DEFAULT NULL,
  `address` varchar(500) COLLATE utf8mb4_unicode_ci DEFAULT NULL,
  `city` varchar(255) COLLATE utf8mb4_unicode_ci DEFAULT NULL,
  `pays` varchar(200) COLLATE utf8mb4_unicode_ci DEFAULT NULL,
  `zip` varchar(10) COLLATE utf8mb4_unicode_ci DEFAULT NULL,
  `spend_rate` double DEFAULT NULL,
  `reward_rate` double DEFAULT NULL,
  `threshold` int(11) DEFAULT NULL,
  `reduction_montant` double DEFAULT NULL,
  `reduction_points` double DEFAULT NULL,
  `website` varchar(255) COLLATE utf8mb4_unicode_ci DEFAULT NULL,
  `facebook` varchar(255) COLLATE utf8mb4_unicode_ci DEFAULT NULL,
  `twitter` varchar(255) COLLATE utf8mb4_unicode_ci DEFAULT NULL,
  `linkdin` varchar(255) COLLATE utf8mb4_unicode_ci DEFAULT NULL,
  `instagram` varchar(255) COLLATE utf8mb4_unicode_ci DEFAULT NULL,
  `email` varchar(255) COLLATE utf8mb4_unicode_ci DEFAULT NULL,
  `tel` varchar(255) COLLATE utf8mb4_unicode_ci DEFAULT NULL,
  `horaires` varchar(500) COLLATE utf8mb4_unicode_ci DEFAULT NULL
) ENGINE=InnoDB DEFAULT CHARSET=utf8mb4 COLLATE=utf8mb4_unicode_ci;

--
-- Déchargement des données de la table `shop`
--

INSERT INTO `shop` (`id`, `image`, `user_id_id`, `name`, `address`, `city`, `pays`, `zip`, `spend_rate`, `reward_rate`, `threshold`, `reduction_montant`, `reduction_points`, `website`, `facebook`, `twitter`, `linkdin`, `instagram`, `email`, `tel`, `horaires`) VALUES
(1, 'a987ac5f09c08d71a2deb1ea59d275a6.jpeg', 2, 'Origin Bio 1', 'Avenue Einstein 16', 'Bruxelles', 'Belgique', '1001', 1, 1, 20, 8, 20, 'https://www.modulloeasyshop.com', 'https://www.facebook.com', 'https://www.twitter.com', 'https://www.linkedin.com', 'https://www.instagram.com/fidelityshopbe', 'maxence@modullo.net', '02 486 14 01', '[{\"jour\":\"lundi\",\"o_h\":\"10\",\"c_h\":\"18\"},{\"jour\":\"mardi\",\"o_h\":\"8\",\"c_h\":\"10\"},{\"jour\":\"mercredi\",\"o_h\":\"9\",\"c_h\":\"17\"},{\"jour\":\"jeudi\",\"o_h\":\"9\",\"c_h\":\"18\"},{\"jour\":\"vendredi\",\"o_h\":\"9\",\"c_h\":\"19\"},{\"jour\":\"samedi\",\"o_h\":\"10\",\"c_h\":\"13\"},{\"jour\":\"dimanche\",\"o_h\":\"10\",\"c_h\":\"16\"}]'),
(2, NULL, 38, 'Shop Wavre', 'Avenue Einstein 16', 'Wavre', 'Belgique', '1300', 1, 1, 100, 5, 20, 'https://www.modulloeasyshop.com', NULL, NULL, NULL, NULL, 'email@mail.com', '02 486 14 01', '[{\"jour\":\"lundi\",\"o_h\":\"8\",\"c_h\":\"18\"},{\"jour\":\"mardi\",\"o_h\":\"8\",\"c_h\":\"18\"},{\"jour\":\"mercredi\",\"o_h\":\"9\",\"c_h\":\"17\"},{\"jour\":\"jeudi\",\"o_h\":\"9\",\"c_h\":\"18\"},{\"jour\":\"vendredi\",\"o_h\":\"9\",\"c_h\":\"19\"},{\"jour\":\"samedi\",\"o_h\":\"9\",\"c_h\":\"12\"},{\"jour\":\"dimanche\",\"o_h\":\"10\",\"c_h\":\"12\"}]'),
(3, 'fcebef5b1cdd2c59ce6bcb42b1f8af0a.png', 55, 'Vendor Magasin', 'AAAA Origin Bio', 'Ville', 'Hollande', '123456', 0.5, 10, 20, 2, 10, 'google.com', 'facebook', 'twiter', 'linkdinnnn', 'instagr', 'email@mail.com', '06666689', '[{\"jour\":\"lundi\",\"o_h\":\"8\",\"c_h\":\"18\"},{\"jour\":\"mardi\",\"o_h\":\"8\",\"c_h\":\"10\"},{\"jour\":\"mercredi\",\"o_h\":\"9\",\"c_h\":\"17\"},{\"jour\":\"jeudi\",\"o_h\":\"9\",\"c_h\":\"18\"},{\"jour\":\"vendredi\",\"o_h\":\"9\",\"c_h\":\"19\"},{\"jour\":\"samedi\",\"o_h\":\"9\",\"c_h\":\"12\"},{\"jour\":\"dimanche\",\"o_h\":\"10\",\"c_h\":\"12\"}]'),
(20, NULL, 2, 'Origin Bio Jette', 'Rue Léon Theodor 27', 'Jette', 'Belgique', '1090', 1, 1, 20, 5, 20, 'http://originbiomarkets.be', 'https://www.facebook.com/originsbiomarket', NULL, NULL, NULL, 'info@originbiomarkets.be', '02 532 27 90', '[{\"jour\":\"lundi\",\"o_h\":null,\"c_h\":null},{\"jour\":\"mardi\",\"o_h\":\"08\",\"c_h\":\"19\"},{\"jour\":\"mercredi\",\"o_h\":\"08\",\"c_h\":\"19\"},{\"jour\":\"jeudi\",\"o_h\":\"08\",\"c_h\":\"19\"},{\"jour\":\"vendredi\",\"o_h\":\"08\",\"c_h\":\"19\"},{\"jour\":\"samedi\",\"o_h\":\"08\",\"c_h\":\"19\"},{\"jour\":\"dimanche\",\"o_h\":\"08\",\"c_h\":\"14\"}]'),
(24, '5cd86cebdcb5f8fd113827103e28b02e.png', 2, 'Advensys', 'avenue einstein 16', 'Wavre', NULL, '1300', 1, 1, 10, 1, 1, NULL, NULL, NULL, NULL, NULL, NULL, NULL, '[{\"jour\":\"lundi\",\"o_h\":null,\"c_h\":null},{\"jour\":\"mardi\",\"o_h\":null,\"c_h\":null},{\"jour\":\"mercredi\",\"o_h\":null,\"c_h\":null},{\"jour\":\"jeudi\",\"o_h\":null,\"c_h\":null},{\"jour\":\"vendredi\",\"o_h\":null,\"c_h\":null},{\"jour\":\"samedi\",\"o_h\":null,\"c_h\":null},{\"jour\":\"dimanche\",\"o_h\":null,\"c_h\":null}]'),
(26, NULL, 2, 'Muk Brussels', 'Avenue louise 521', 'Ixelles', NULL, '1050', 0, 0, 10, 2, 20, NULL, NULL, NULL, NULL, NULL, NULL, NULL, NULL),
(28, NULL, NULL, 'Muk Brussels 2', 'Avenue louise 521', 'Ixelles', 'France', '1050', 1, 1, 10, 5, 10, NULL, NULL, NULL, NULL, NULL, NULL, NULL, '[{\"jour\":\"lundi\",\"o_h\":null,\"c_h\":null},{\"jour\":\"mardi\",\"o_h\":null,\"c_h\":null},{\"jour\":\"mercredi\",\"o_h\":null,\"c_h\":null},{\"jour\":\"jeudi\",\"o_h\":null,\"c_h\":null},{\"jour\":\"vendredi\",\"o_h\":null,\"c_h\":null},{\"jour\":\"samedi\",\"o_h\":null,\"c_h\":null},{\"jour\":\"dimanche\",\"o_h\":null,\"c_h\":null}]'),
(29, NULL, NULL, 'Muk Brussels 3', 'Avenue Louise 521', 'Ixelles', NULL, '1050', 5, 1, 60, 15, 60, NULL, NULL, NULL, NULL, NULL, NULL, NULL, '[{\"jour\":\"lundi\",\"o_h\":null,\"c_h\":null},{\"jour\":\"mardi\",\"o_h\":null,\"c_h\":null},{\"jour\":\"mercredi\",\"o_h\":null,\"c_h\":null},{\"jour\":\"jeudi\",\"o_h\":null,\"c_h\":null},{\"jour\":\"vendredi\",\"o_h\":null,\"c_h\":null},{\"jour\":\"samedi\",\"o_h\":null,\"c_h\":null},{\"jour\":\"dimanche\",\"o_h\":null,\"c_h\":null}]'),
(30, 'e9fe6a2d1761b32ae95f19d84674d1bd.png', 2, 'magasin test', 'addresse', 'qsdaze', 'fsdfsd', '22552', 0, 0, 10, 0, 0, NULL, NULL, NULL, NULL, NULL, NULL, NULL, '[{\"jour\":\"lundi\",\"o_h\":null,\"c_h\":null},{\"jour\":\"mardi\",\"o_h\":null,\"c_h\":null},{\"jour\":\"mercredi\",\"o_h\":null,\"c_h\":null},{\"jour\":\"jeudi\",\"o_h\":null,\"c_h\":null},{\"jour\":\"vendredi\",\"o_h\":null,\"c_h\":null},{\"jour\":\"samedi\",\"o_h\":null,\"c_h\":null},{\"jour\":\"dimanche\",\"o_h\":null,\"c_h\":null}]'),
(31, '12169ac0d2cac9e35216d977843531b3.png', NULL, 'L\'atelier', 'Route d\'anvaing 2A', 'Frasnes-lez-anvaing', NULL, '7910', 0, 0, 10, 0, 0, NULL, NULL, NULL, NULL, NULL, NULL, NULL, '[{\"jour\":\"lundi\",\"o_h\":null,\"c_h\":null},{\"jour\":\"mardi\",\"o_h\":\"17h30\",\"c_h\":\"22h30\"},{\"jour\":\"mercredi\",\"o_h\":\"17h30\",\"c_h\":\"22h30\"},{\"jour\":\"jeudi\",\"o_h\":\"17h30\",\"c_h\":\"22h30\"},{\"jour\":\"vendredi\",\"o_h\":\"17h30\",\"c_h\":\"23h\"},{\"jour\":\"samedi\",\"o_h\":\"11h30\",\"c_h\":\"23h\"},{\"jour\":\"dimanche\",\"o_h\":\"11h30\",\"c_h\":\"23\"}]'),
(32, NULL, NULL, 'Origin Bio', 'Avenue einstein 16', 'Wavre', NULL, '1300', 1, 1, 20, 5, 20, 'https://fidelityshop.be', 'https://www.facebook.com/FidelityShopBE/', NULL, NULL, NULL, 'info@fidelityshop.be', '02 319 36 77', '[{\"jour\":\"lundi\",\"o_h\":\"08:00\",\"c_h\":\"19:00\"},{\"jour\":\"mardi\",\"o_h\":\"08:00\",\"c_h\":\"19:00\"},{\"jour\":\"mercredi\",\"o_h\":\"08:00\",\"c_h\":\"19:00\"},{\"jour\":\"jeudi\",\"o_h\":\"08:00\",\"c_h\":\"19:00\"},{\"jour\":\"vendredi\",\"o_h\":\"08:00\",\"c_h\":\"19:00\"},{\"jour\":\"samedi\",\"o_h\":\"08:00\",\"c_h\":\"19:00\"},{\"jour\":\"dimanche\",\"o_h\":null,\"c_h\":null}]'),
(38, NULL, 359, 'Magasin test', 'Chemin de saint pierre', 'Wavre', NULL, '1300', 5, 1, 60, 15, 60, 'https://atomes.be', NULL, NULL, NULL, NULL, 'jv@atomes.be', '02 319 36 77', '[{\"jour\":\"lundi\",\"o_h\":\"11h00\",\"c_h\":\"18h00\"},{\"jour\":\"mardi\",\"o_h\":\"11h00\",\"c_h\":\"18h00\"},{\"jour\":\"mercredi\",\"o_h\":\"FERM\\u00c9\",\"c_h\":\"FERM\\u00c9\"},{\"jour\":\"jeudi\",\"o_h\":\"11h00\",\"c_h\":\"18h00\"},{\"jour\":\"vendredi\",\"o_h\":\"11h00\",\"c_h\":\"18h00\"},{\"jour\":\"samedi\",\"o_h\":\"11h00\",\"c_h\":\"18h00\"},{\"jour\":\"dimanche\",\"o_h\":\"11h00\",\"c_h\":\"18h00\"}]'),
(40, NULL, 364, 'Origin Flagey', '.', '.', 'Belgique', '.', 0, 0, 10, 0, 0, NULL, NULL, NULL, NULL, NULL, NULL, NULL, NULL),
(41, NULL, NULL, 'Muk Brussels 4', 'Avenue louise', 'Ixelles', 'Belgique', '1050', 5, 1, 60, 15, 60, NULL, NULL, NULL, NULL, NULL, NULL, NULL, '[{\"jour\":\"lundi\",\"o_h\":null,\"c_h\":null},{\"jour\":\"mardi\",\"o_h\":null,\"c_h\":null},{\"jour\":\"mercredi\",\"o_h\":null,\"c_h\":null},{\"jour\":\"jeudi\",\"o_h\":null,\"c_h\":null},{\"jour\":\"vendredi\",\"o_h\":null,\"c_h\":null},{\"jour\":\"samedi\",\"o_h\":null,\"c_h\":null},{\"jour\":\"dimanche\",\"o_h\":null,\"c_h\":null}]');

-- --------------------------------------------------------

--
-- Structure de la table `shop_user`
--

CREATE TABLE `shop_user` (
  `shop_id` int(11) NOT NULL,
  `user_id` int(11) NOT NULL,
  `points` int(11) NOT NULL DEFAULT '0',
  `used_points` int(11) NOT NULL DEFAULT '0'
) ENGINE=InnoDB DEFAULT CHARSET=utf8mb4 COLLATE=utf8mb4_unicode_ci;

--
-- Déchargement des données de la table `shop_user`
--

INSERT INTO `shop_user` (`shop_id`, `user_id`, `points`, `used_points`) VALUES
(1, 2, 0, 0),
(1, 38, 0, 0),
(1, 41, 0, 0),
(1, 103, 0, 0),
(1, 159, 0, 0),
(1, 165, 0, 0),
(1, 167, 0, 0),
(1, 168, 0, 0),
(1, 169, 0, 0),
(1, 184, 0, 0),
(1, 187, 0, 0),
(1, 208, 0, 0),
(1, 209, 0, 0),
(1, 210, 0, 0),
(1, 238, 5, 0),
(1, 258, 5, 0),
(1, 273, 102, 60),
(1, 288, 12, 0),
(1, 311, 195, 180),
(1, 321, 4, 0),
(1, 322, 240, 20),
(1, 333, 12, 0),
(1, 342, 8, 0),
(1, 344, 27, 20),
(1, 350, 252, 20),
(1, 352, 5, 0),
(2, 2, 0, 0),
(2, 55, 0, 0),
(2, 207, 10, 0),
(3, 207, 20, 0),
(20, 342, 100, 40),
(20, 350, 2, 0),
(24, 342, 21, 2),
(24, 344, 159, 5),
(24, 354, 2, 0),
(24, 355, 25, 1),
(24, 356, 52, 1),
(26, 342, 0, 0),
(28, 342, 64, 10),
(28, 344, 30, 20),
(28, 366, 2, 0),
(28, 367, 8, 0),
(29, 342, 227, 30),
(29, 365, 3, 0),
(32, 342, 2, 0),
(38, 41, 8, 0),
(38, 273, 10, 0),
(38, 342, 524, 420),
(38, 363, 1436, 600),
(38, 368, 113, 240),
(40, 365, 0, 0),
(41, 365, 20, 1);

-- --------------------------------------------------------

--
-- Structure de la table `transactions`
--

CREATE TABLE `transactions` (
  `id` int(11) NOT NULL,
  `amount` int(11) DEFAULT NULL,
  `date` datetime DEFAULT NULL,
  `shop_id` int(11) DEFAULT NULL,
  `points` float DEFAULT NULL,
  `type` enum('earned','used') COLLATE utf8mb4_unicode_ci NOT NULL DEFAULT 'earned'
) ENGINE=InnoDB DEFAULT CHARSET=utf8mb4 COLLATE=utf8mb4_unicode_ci;

--
-- Déchargement des données de la table `transactions`
--

INSERT INTO `transactions` (`id`, `amount`, `date`, `shop_id`, `points`, `type`) VALUES
(1, 10, '2019-02-02 01:01:01', 2, 10, 'earned'),
(6, 145, '2019-02-05 21:18:17', 1, NULL, 'earned'),
(15, 80, '2019-02-05 21:33:37', 1, NULL, 'earned'),
(16, 321, '2019-02-05 21:36:53', 1, NULL, 'earned'),
(17, 50, '2019-02-05 22:00:47', 1, NULL, 'earned'),
(18, 15, '2019-02-05 22:29:36', 1, NULL, 'earned'),
(19, 15, '2019-02-05 22:29:53', 1, NULL, 'earned'),
(20, 15, '2019-02-05 22:33:37', 1, NULL, 'earned'),
(21, 15, '2019-02-05 22:33:37', 1, NULL, 'earned'),
(22, 10, '2019-02-05 22:36:18', 1, NULL, 'earned'),
(23, 10, '2019-02-05 22:36:36', 1, NULL, 'earned'),
(24, 10, '2019-02-05 22:36:47', 1, NULL, 'earned'),
(25, 7878, '2019-02-05 22:36:59', 1, NULL, 'earned'),
(26, 7878, '2019-02-05 22:37:08', 1, NULL, 'earned'),
(27, 10, '2019-02-05 22:37:11', 1, NULL, 'earned'),
(28, 15, '2019-02-05 22:42:04', 1, NULL, 'earned'),
(29, 15, '2019-02-05 22:42:07', 1, NULL, 'earned'),
(30, 15, '2019-02-05 22:42:11', 2, 10, 'earned'),
(31, 15, '2019-02-05 22:42:21', 1, NULL, 'earned'),
(32, 10, '2019-02-05 22:44:05', 1, NULL, 'earned'),
(33, 10, '2019-02-05 22:45:15', 1, NULL, 'earned'),
(34, 10, '2019-02-05 22:45:15', 1, NULL, 'earned'),
(35, 10, '2019-02-05 22:45:15', 1, NULL, 'earned'),
(36, 10, '2019-02-05 22:45:15', 1, NULL, 'earned'),
(37, 90, '2019-02-05 22:52:56', 1, NULL, 'earned'),
(38, 15, '2019-02-05 23:00:35', 1, NULL, 'earned'),
(39, 25, '2019-02-07 11:13:18', 1, NULL, 'earned'),
(40, 12, '2019-02-07 23:28:53', 1, NULL, 'earned'),
(41, 22, '2019-02-07 23:54:58', 1, NULL, 'earned'),
(42, 0, '2019-02-07 23:55:03', 1, NULL, 'earned'),
(43, 11, '2019-02-07 23:56:49', 3, 20, 'earned'),
(44, 11, '2019-02-07 23:56:54', 1, NULL, 'earned'),
(45, 20, '2019-02-07 23:57:48', 1, NULL, 'earned'),
(46, 0, '2019-02-07 23:57:51', 1, NULL, 'earned'),
(47, 22, '2019-02-07 23:58:34', 1, NULL, 'earned'),
(48, 0, '2019-02-07 23:58:37', 1, NULL, 'earned'),
(49, 14, '2019-02-07 23:59:40', 1, NULL, 'earned'),
(50, 23, '2019-02-07 23:59:57', 1, NULL, 'earned'),
(51, 1234, '2019-02-08 00:15:06', 1, NULL, 'earned'),
(52, 12, '2019-02-08 00:15:17', 1, NULL, 'earned'),
(53, 25, '2019-02-08 09:03:58', 1, NULL, 'earned'),
(55, 50, '2019-02-08 09:04:31', 1, NULL, 'earned'),
(56, 20, '2019-02-08 11:44:36', 1, NULL, 'earned'),
(57, 25, '2019-02-08 12:33:11', 1, NULL, 'earned'),
(58, 56, '2019-02-08 16:17:46', 1, NULL, 'earned'),
(59, 15, '2019-02-08 16:59:40', 1, NULL, 'earned'),
(60, 777, '2019-02-09 17:10:32', 1, NULL, 'earned'),
(61, 778, '2019-02-09 17:11:27', 1, NULL, 'earned'),
(62, 50, '2019-02-09 17:14:03', 1, NULL, 'earned'),
(63, 80, '2019-02-09 17:17:36', 1, NULL, 'earned'),
(64, 36, '2019-02-09 17:36:55', 1, NULL, 'earned'),
(65, 23, '2019-02-09 17:59:50', 1, NULL, 'earned'),
(66, 6, '2019-02-09 18:00:11', 1, NULL, 'earned'),
(67, 100, '2019-02-09 19:14:06', 1, NULL, 'earned'),
(68, 12, '2019-02-09 19:58:01', 1, NULL, 'earned'),
(69, 1, '2019-02-09 20:33:41', 1, NULL, 'earned'),
(70, 145, '2019-02-10 20:43:25', 1, NULL, 'earned'),
(71, 145, '2019-02-10 20:43:50', 1, NULL, 'earned'),
(72, 145, '2019-02-10 20:44:58', 1, NULL, 'earned'),
(73, 145, '2019-02-10 20:47:16', 1, NULL, 'earned'),
(74, 145, '2019-02-10 21:20:37', 1, NULL, 'earned'),
(75, 145, '2019-02-10 22:58:02', 1, NULL, 'earned'),
(76, 1102, '2019-02-11 14:36:12', 1, NULL, 'earned'),
(77, 141, '2019-02-11 15:58:48', 1, NULL, 'earned'),
(78, 141, '2019-02-11 16:18:01', 1, NULL, 'earned'),
(79, 141, '2019-02-11 16:31:12', 1, NULL, 'earned'),
(80, 141, '2019-02-11 17:01:36', 1, NULL, 'earned'),
(81, 15, '2019-02-11 19:22:42', 1, NULL, 'earned'),
(82, 5, '2019-02-11 20:00:38', 1, NULL, 'earned'),
(83, 50, '2019-02-11 20:01:36', 1, NULL, 'earned'),
(84, 12, '2019-02-11 20:11:12', 1, NULL, 'earned'),
(85, 4, '2019-02-11 20:15:06', 1, NULL, 'earned'),
(86, 12, '2019-02-12 10:11:32', 1, NULL, 'earned'),
(87, 0, '2019-02-12 10:12:30', 1, NULL, 'earned'),
(88, 11, '2019-02-12 10:12:39', 1, NULL, 'earned'),
(89, 123, '2019-02-12 15:12:36', 1, 61, 'earned'),
(90, 123, '2019-02-12 15:17:20', 1, 61, 'earned'),
(91, 123, '2019-02-12 15:51:59', 1, 61, 'earned'),
(92, 78, '2019-02-13 09:18:48', 1, 39, 'earned'),
(94, 12, '2019-02-13 09:29:08', 1, 6, 'earned'),
(95, 60, '2019-02-13 10:09:04', 1, 30, 'earned'),
(96, 25, '2019-02-13 11:12:47', 1, 12, 'earned'),
(97, 25, '2019-02-13 11:13:04', 1, 12, 'earned'),
(99, 25, '2019-02-13 11:13:59', 1, 12, 'earned'),
(100, 2, '2019-02-13 11:14:12', 1, 1, 'earned'),
(101, 12, '2019-02-13 14:09:24', 1, 6, 'earned'),
(102, 22, '2019-02-13 14:40:32', 1, 11, 'earned'),
(103, 88, '2019-02-14 14:14:38', 1, 44, 'earned'),
(104, 12, '2019-02-14 14:42:54', 1, 6, 'earned'),
(105, 16, '2019-02-14 15:55:19', 1, 8, 'earned'),
(106, 16, '2019-02-14 16:03:50', 1, 8, 'earned'),
(108, 15, '2019-02-14 16:07:12', 1, 7, 'earned'),
(109, 20, '2019-02-14 16:10:41', 1, 10, 'earned'),
(110, 50, '2019-02-15 09:02:46', 1, 25, 'earned'),
(111, 14, '2019-02-15 09:33:58', 1, 7, 'earned'),
(112, 60, '2019-02-15 11:22:20', 1, 30, 'earned'),
(113, 12, '2019-02-15 11:33:41', 1, 6, 'earned'),
(114, 8, '2019-02-15 12:33:57', 1, 4, 'earned'),
(115, 12, '2019-02-16 12:10:47', 1, 6, 'earned'),
(116, 45, '2019-02-16 12:10:59', 1, 22, 'earned'),
(117, 99, '2019-02-18 00:06:29', 1, 49, 'earned'),
(118, 55, '2019-02-18 00:08:16', 1, 27, 'earned'),
(119, 25, '2019-02-18 00:09:29', 1, 12, 'earned'),
(120, 55, '2019-02-18 00:25:53', 1, 27, 'earned'),
(121, 22, '2019-02-18 00:32:52', 1, 11, 'earned'),
(122, 22, '2019-02-18 00:36:56', 1, 11, 'earned'),
(125, 21, '2019-02-18 00:50:01', 1, 10, 'earned'),
(126, 55, '2019-02-18 01:04:16', 1, 27, 'earned'),
(127, 22, '2019-02-18 01:04:50', 1, 11, 'earned'),
(128, 11, '2019-02-18 01:09:44', 1, 5, 'earned'),
(129, 22, '2019-02-18 01:10:40', 1, 11, 'earned'),
(130, 22, '2019-02-18 01:10:51', 1, 11, 'earned'),
(131, 33, '2019-02-18 01:11:00', 1, 16, 'earned'),
(132, 22, '2019-02-18 01:11:18', 1, 11, 'earned'),
(134, 111, '2019-02-18 01:28:48', 1, 55, 'earned'),
(135, 22, '2019-02-18 01:29:04', 1, 11, 'earned'),
(136, 11, '2019-02-18 01:44:37', 1, 5, 'earned'),
(137, 11, '2019-02-18 01:46:46', 1, 5, 'earned'),
(138, 22, '2019-02-18 02:01:26', 1, 11, 'earned'),
(139, 11, '2019-02-18 02:02:29', 1, 5, 'earned'),
(140, 33, '2019-02-18 02:02:41', 1, 16, 'earned'),
(141, 22, '2019-02-18 02:02:55', 1, 11, 'earned'),
(142, 22, '2019-02-18 02:03:50', 1, 11, 'earned'),
(144, 4, '2019-02-18 02:07:02', 1, 2, 'earned'),
(145, 3, '2019-02-18 02:07:11', 1, 1, 'earned'),
(146, 2, '2019-02-18 02:07:20', 1, 1, 'earned'),
(148, 2, '2019-02-18 02:11:11', 1, 1, 'earned'),
(150, 33, '2019-02-18 02:23:35', 1, 16, 'earned'),
(151, 5, '2019-02-18 02:23:57', 1, 2, 'earned'),
(152, 33, '2019-02-18 02:24:09', 1, 16, 'earned'),
(153, 15, '2019-02-18 10:32:50', 1, 7, 'earned'),
(154, 12, '2019-02-18 10:33:11', 2, 6, 'earned'),
(156, 45, '2019-02-18 10:33:49', 1, 22, 'earned'),
(158, 12, '2019-02-18 15:10:12', 1, 6, 'earned'),
(159, 22, '2019-02-18 16:03:26', 3, 40, 'earned'),
(161, 22, '2019-02-07 23:55:03', 2, 11, 'earned'),
(162, 2, '2019-02-18 23:37:47', 1, 1, 'earned'),
(163, 22, '2019-02-18 23:39:19', 1, 11, 'earned'),
(164, 22, '2019-02-18 23:43:14', 1, 11, 'earned'),
(165, 2, '2019-02-18 23:44:25', 1, 1, 'earned'),
(166, 22, '2019-02-18 23:46:05', 1, 11, 'earned'),
(169, 22, '2019-02-19 02:19:23', 1, 11, 'earned'),
(170, 11, '2019-02-19 02:19:34', 1, 5, 'earned'),
(173, 12, '2019-02-19 14:10:47', 1, 6, 'earned'),
(174, 15, '2019-02-19 19:36:40', 1, 7, 'earned'),
(175, 15, '2019-02-19 19:39:50', 1, 75, 'earned'),
(176, 12, '2019-02-19 19:40:14', 1, 60, 'earned'),
(177, 12, '2019-02-19 19:41:15', 1, 60, 'earned'),
(178, 15, '2019-02-19 19:42:16', 1, 75, 'earned'),
(181, 20, '2019-02-20 00:12:03', 1, 100, 'earned'),
(183, 10, '2019-02-20 00:22:08', 1, 50, 'earned'),
(184, 2, '2019-02-20 02:06:45', 1, 10, 'earned'),
(185, 11, '2019-02-20 02:08:40', 1, 55, 'earned'),
(188, 12, '2019-02-20 12:19:59', 1, 60, 'earned'),
(190, 16, '2019-02-20 12:29:13', 1, 80, 'earned'),
(191, 15, '2019-02-20 12:49:45', 1, 75, 'earned'),
(193, 11, '2019-02-20 13:04:38', 1, 55, 'earned'),
(196, 12, '2019-02-20 13:21:16', 1, 60, 'earned'),
(198, 7, '2019-02-20 13:25:29', 1, 35, 'earned'),
(201, 12, '2019-02-20 14:15:15', 1, 60, 'earned'),
(204, 2, '2019-02-20 20:00:37', 1, 10, 'earned'),
(208, 2, '2019-02-20 20:17:16', 1, 10, 'earned'),
(210, 12, '2019-02-20 21:03:15', 1, 60, 'earned'),
(211, 2, '2019-02-20 21:05:27', 1, 10, 'earned'),
(212, 19, '2019-02-20 21:05:43', 1, 95, 'earned'),
(213, 2, '2019-02-20 21:09:00', 1, 10, 'earned'),
(214, 2, '2019-02-20 21:09:20', 1, 10, 'earned'),
(215, 2, '2019-02-20 21:09:37', 1, 10, 'earned'),
(216, 11, '2019-02-20 21:09:57', 1, 55, 'earned'),
(217, 12, '2019-02-20 23:51:45', 1, 60, 'earned'),
(218, 12, '2019-02-20 23:52:36', 1, 60, 'earned'),
(219, 12, '2019-02-21 00:01:33', 1, 60, 'earned'),
(220, 12, '2019-02-21 00:01:40', 1, 60, 'earned'),
(221, 12, '2019-02-21 00:01:48', 1, 60, 'earned'),
(222, 12, '2019-02-21 02:25:56', 1, 60, 'earned'),
(223, 15, '2019-02-21 07:53:10', 1, 75, 'earned'),
(228, 4, '2019-02-21 09:11:36', 1, 20, 'earned'),
(229, 8, '2019-02-21 09:15:46', 1, 40, 'earned'),
(230, 5, '2019-02-21 09:17:11', 1, 25, 'earned'),
(232, 5, '2019-02-21 17:46:08', 1, 25, 'earned'),
(233, 2, '2019-02-21 21:24:56', 1, 10, 'earned'),
(239, 3, '2019-02-21 21:50:37', 1, 15, 'earned'),
(240, 2, '2019-02-21 21:51:40', 1, 10, 'earned'),
(242, 6, '2019-02-21 22:08:23', 1, 30, 'earned'),
(247, 12, '2019-02-22 16:04:07', 1, 60, 'earned'),
(255, 12, '2019-02-25 15:12:26', 1, 96, 'earned'),
(257, 12, '2019-02-25 15:21:06', 1, 96, 'earned'),
(264, 10, '2019-02-25 21:07:58', 1, 80, 'earned'),
(265, 12, '2019-02-25 21:08:19', 1, 96, 'earned'),
(266, 12, '2019-02-25 21:08:31', 1, 96, 'earned'),
(267, 12, '2019-02-25 21:14:06', 1, 96, 'earned'),
(271, 2, '2019-02-25 23:57:59', 1, 16, 'earned'),
(290, 2, '2019-02-27 14:02:18', 1, 16, 'earned'),
(291, 3, '2019-02-27 14:02:45', 1, 24, 'earned'),
(292, 2, '2019-02-27 14:02:58', 1, 16, 'earned'),
(293, 2, '2019-02-27 14:03:10', 1, 16, 'earned'),
(294, 1, '2019-02-27 14:03:29', 1, 8, 'earned'),
(295, 1, '2019-02-27 14:03:38', 1, 8, 'earned'),
(296, 1, '2019-02-27 14:03:47', 1, 8, 'earned'),
(297, 3, '2019-02-27 18:12:38', 1, 24, 'earned'),
(300, 1, '2019-02-27 18:43:24', 1, 8, 'earned'),
(301, 1, '2019-02-27 18:43:34', 1, 8, 'earned'),
(302, 1, '2019-02-27 18:43:45', 1, 8, 'earned'),
(303, 1, '2019-02-27 18:46:46', 1, 8, 'earned'),
(304, 1, '2019-02-27 18:47:03', 1, 8, 'earned'),
(305, 1, '2019-02-27 18:47:17', 1, 8, 'earned'),
(306, 1, '2019-02-27 18:48:40', 1, 8, 'earned'),
(307, 2, '2019-02-27 19:08:55', 1, 16, 'earned'),
(308, 1, '2019-02-27 19:09:18', 1, 8, 'earned'),
(309, 1, '2019-02-27 19:29:08', 1, 8, 'earned'),
(310, 1, '2019-02-27 19:29:16', 1, 8, 'earned'),
(315, 2, '2019-03-01 14:38:34', 1, 16, 'earned'),
(316, 2, '2019-03-01 14:48:27', 1, 16, 'earned'),
(317, 2, '2019-03-01 14:48:38', 1, 16, 'earned'),
(318, 1, '2019-03-01 15:02:02', 1, 8, 'earned'),
(319, 1, '2019-03-01 15:02:10', 1, 8, 'earned'),
(320, 1, '2019-03-01 15:02:19', 1, 8, 'earned'),
(322, 12, '2019-03-01 15:56:44', 1, 96, 'earned'),
(325, 1, '2019-03-01 16:00:42', 1, 8, 'earned'),
(334, 1, '2019-03-01 16:58:32', 1, 8, 'earned'),
(335, 1, '2019-03-01 17:07:59', 1, 8, 'earned'),
(336, 1, '2019-03-01 17:08:12', 1, 8, 'earned'),
(338, 12, '2019-03-01 17:46:29', 1, 96, 'earned'),
(339, 12, '2019-03-01 17:46:37', 1, 96, 'earned'),
(340, 12, '2019-03-01 17:46:51', 1, 96, 'earned'),
(344, 5, '2019-03-01 18:35:13', 1, 40, 'earned'),
(345, 5, '2019-03-01 18:35:52', 1, 40, 'earned'),
(346, 7, '2019-03-01 18:36:04', 1, 56, 'earned'),
(347, 5, '2019-03-01 18:36:16', 1, 40, 'earned'),
(348, 12, '2019-03-01 18:45:15', 1, 96, 'earned'),
(350, 12, '2019-03-01 18:46:45', 1, 96, 'earned'),
(354, 12, '2019-03-01 19:10:29', 1, 96, 'earned'),
(355, 1, '2019-03-01 19:20:37', 1, 8, 'earned'),
(360, 12, '2019-03-01 19:22:32', 1, 96, 'earned'),
(361, 12, '2019-03-01 19:25:08', 1, 96, 'earned'),
(363, 12, '2019-03-01 19:28:08', 1, 96, 'earned'),
(368, 12, '2019-03-01 19:33:30', 1, 96, 'earned'),
(379, 12, '2019-03-01 19:47:25', 1, 96, 'earned'),
(391, 12, '2019-03-01 20:30:52', 1, 96, 'earned'),
(392, 45, '2019-03-01 20:45:58', 1, 360, 'earned'),
(394, 11, '2019-03-01 20:46:24', 1, 88, 'earned'),
(397, 4, '2019-03-01 20:47:50', 1, 32, 'earned'),
(400, 2, '2019-03-01 20:49:07', 1, 16, 'earned'),
(402, 12, '2019-03-01 21:22:14', 1, 96, 'earned'),
(404, 1, '2019-03-01 21:37:14', 1, 8, 'earned'),
(405, 2, '2019-03-01 21:37:27', 1, 16, 'earned'),
(406, 3, '2019-03-01 21:37:37', 1, 24, 'earned'),
(407, 4, '2019-03-01 21:38:19', 1, 32, 'earned'),
(420, 5, '2019-03-05 07:48:34', 1, 40, 'earned'),
(421, 3, '2019-03-05 07:48:52', 1, 24, 'earned'),
(424, 15, '2019-03-05 07:50:21', 1, 120, 'earned'),
(425, 8, '2019-03-05 07:51:36', 1, 64, 'earned'),
(426, 8, '2019-03-05 07:53:45', 1, 64, 'earned'),
(428, 5, '2019-03-05 08:40:51', 1, 40, 'earned'),
(429, 8, '2019-03-05 09:07:29', 1, 64, 'earned'),
(430, 5, '2019-03-05 10:08:40', 1, 40, 'earned'),
(432, 9, '2019-03-05 10:09:53', 1, 72, 'earned'),
(433, 6, '2019-03-05 10:22:17', 1, 6, 'earned'),
(434, 8, '2019-03-05 10:22:52', 1, 16, 'earned'),
(435, 7, '2019-03-05 10:23:02', 1, 14, 'earned'),
(458, 5, '2019-03-05 16:28:38', 1, 10, 'earned'),
(463, 5, '2019-03-05 20:22:53', 1, 10, 'earned'),
(464, 5, '2019-03-05 20:23:08', 1, 10, 'earned'),
(520, 45, '2019-03-07 14:36:49', 1, 90, 'earned'),
(546, 14, '2019-03-08 14:42:27', 1, 14, 'earned'),
(550, 15, '2019-03-08 14:44:24', 1, 15, 'earned'),
(604, 5, '2019-03-10 14:58:46', 1, 5, 'earned'),
(605, 8, '2019-03-10 14:59:00', 1, 8, 'earned'),
(606, 8, '2019-03-10 14:59:11', 1, 8, 'earned'),
(612, 5, '2019-03-10 15:50:04', 1, 5, 'earned'),
(632, 3, '2019-03-10 17:40:36', 1, 3, 'earned'),
(633, 5, '2019-03-10 17:40:47', 1, 5, 'earned'),
(636, 20, '2019-03-10 17:41:11', 1, 20, 'earned'),
(637, 4, '2019-03-10 17:42:03', 1, 4, 'earned'),
(675, 5, '2019-03-10 18:54:15', 1, 5, 'earned'),
(726, 8, '2019-03-13 10:44:13', 1, 8, 'earned'),
(727, 10, '2019-03-13 10:44:26', 1, 10, 'earned'),
(728, 10, '2019-03-13 10:45:06', 1, 10, 'earned'),
(729, 45, '2019-03-13 10:46:17', 1, 45, 'earned'),
(730, 8, '2019-03-13 10:59:46', 1, 8, 'earned'),
(754, 20, '2019-04-02 13:01:34', 1, 20, 'earned'),
(755, 12, '2019-04-02 13:43:29', 1, 12, 'earned'),
(756, 25, '2019-04-02 13:45:28', 1, 25, 'earned'),
(780, 1, '2019-04-08 02:25:27', 1, 1, 'earned'),
(781, 1, '2019-04-08 02:28:43', 1, 1, 'earned'),
(787, 21, '2019-04-08 11:31:22', 1, 21, 'earned'),
(788, 1, '2019-04-08 13:27:31', 1, 1, 'earned'),
(789, 1, '2019-04-08 13:27:37', 1, 1, 'earned'),
(790, 1, '2019-04-08 13:27:44', 1, 1, 'earned'),
(791, 1, '2019-04-08 13:28:28', 1, 1, 'earned'),
(792, 1, '2019-04-08 14:35:37', 1, 1, 'earned'),
(793, 1, '2019-04-08 14:35:41', 1, 1, 'earned'),
(794, 1, '2019-04-08 14:35:52', 1, 1, 'earned'),
(795, 1, '2019-04-08 14:36:34', 1, 1, 'earned'),
(800, 2, '2019-04-08 14:58:42', 1, 2, 'earned'),
(803, 2, '2019-04-08 15:56:48', 1, 2, 'earned'),
(804, 20, '2019-04-08 15:57:02', 1, 20, 'earned'),
(805, 2, '2019-04-08 16:02:48', 1, 2, 'earned'),
(807, 12, '2019-04-08 21:31:50', 1, 12, 'earned'),
(808, 12, '2019-04-08 21:33:30', 1, 12, 'earned'),
(809, 12, '2019-04-08 21:36:54', 1, 12, 'earned'),
(810, 12, '2019-04-08 21:41:05', 1, 12, 'earned'),
(816, 21, '2019-04-09 14:01:09', 1, 21, 'earned'),
(817, 12, '2019-04-09 18:25:31', 1, 12, 'earned'),
(818, 12, '2019-04-09 21:10:13', 1, 12, 'earned'),
(819, 12, '2019-04-09 23:35:18', 1, 12, 'earned'),
(822, 2, '2019-04-09 23:37:11', 1, 2, 'earned'),
(824, 2, '2019-04-10 02:43:13', 1, 2, 'earned'),
(825, 12, '2019-04-10 02:48:53', 1, 12, 'earned'),
(826, 12, '2019-04-10 02:58:38', 1, 12, 'earned'),
(827, 12, '2019-04-10 23:27:23', 1, 12, 'earned'),
(833, 2, '2019-04-13 23:58:41', 1, 2, 'earned'),
(834, 6, '2019-04-14 00:08:07', 1, 6, 'earned'),
(847, 12, '2019-04-20 00:23:27', 1, 12, 'earned'),
(853, 2, '2019-04-23 13:04:05', 26, 0, 'earned'),
(854, 20, '2019-04-23 13:20:47', 26, 0, 'earned'),
(855, 45, '2019-04-23 13:33:30', 26, 0, 'earned'),
(856, 2, '2019-04-23 13:50:03', 28, 2, 'earned'),
(857, 2, '2019-04-23 14:01:40', 28, 2, 'earned'),
(858, 50, '2019-04-23 14:02:01', 28, 50, 'earned'),
(859, 2, '2019-04-23 14:07:10', 28, 2, 'earned'),
(860, 5, '2019-04-23 14:07:31', 28, 5, 'earned'),
(861, 8, '2019-04-23 14:07:52', 28, 8, 'earned'),
(862, 7, '2019-04-23 14:09:03', 28, 7, 'earned'),
(863, 8, '2019-04-23 14:09:22', 28, 8, 'earned'),
(864, 5, '2019-04-23 14:19:31', 28, 5, 'earned'),
(865, 5, '2019-04-24 07:33:26', 29, 5, 'earned'),
(866, 4, '2019-04-24 07:33:57', 29, 4, 'earned'),
(867, 90, '2019-04-24 07:39:39', 29, 90, 'earned'),
(868, 5, '2019-04-24 07:39:51', 29, 5, 'earned'),
(869, 40, '2019-04-24 07:40:10', 29, 40, 'earned'),
(875, 8, '2019-04-26 09:05:06', 29, 8, 'earned'),
(876, 50, '2019-04-26 09:05:55', 29, 50, 'earned'),
(877, 7, '2019-04-26 09:06:37', 29, 7, 'earned'),
(878, 8, '2019-04-26 10:06:55', 29, 8, 'earned'),
(879, 5, '2019-04-26 14:24:39', 29, 5, 'earned'),
(880, 5, '2019-04-26 14:24:51', 29, 5, 'earned'),
(881, 2, '2019-05-15 21:17:14', 1, 2, 'earned'),
(882, 6, '2019-05-16 07:54:19', 1, 6, 'earned'),
(883, 50, '2019-05-16 08:20:20', 20, 50, 'earned'),
(884, 5, '2019-05-16 08:20:34', 20, 20, 'used'),
(885, 2, '2019-05-16 15:13:45', 20, 2, 'earned'),
(886, 50, '2019-05-16 15:15:27', 20, 50, 'earned'),
(887, 5, '2019-05-16 15:15:40', 20, 20, 'used'),
(888, 252, '2019-05-16 16:18:01', 1, 252, 'earned'),
(889, 8, '2019-05-16 16:18:56', 1, 20, 'used'),
(891, 5, '2019-05-16 16:30:17', 1, 5, 'earned'),
(895, 5, '2019-05-17 09:31:26', 28, 5, 'earned'),
(896, 2, '2019-05-23 12:31:41', 1, 2, 'earned'),
(897, 25, '2019-05-23 12:31:57', 1, 25, 'earned'),
(898, 8, '2019-05-23 12:32:12', 1, 20, 'used'),
(899, 2, '2019-05-31 09:14:08', 24, 2, 'earned'),
(900, 1, '2019-05-31 09:14:14', 24, 1, 'used'),
(901, 5, '2019-06-03 15:50:54', 24, 5, 'earned'),
(902, 1, '2019-06-03 15:50:59', 24, 1, 'used'),
(903, 5, '2019-06-03 16:00:11', 24, 5, 'earned'),
(904, 2, '2019-06-03 16:00:54', 24, 2, 'earned'),
(905, 2, '2019-06-03 17:45:49', 24, 2, 'earned'),
(906, 25, '2019-06-03 17:48:22', 24, 25, 'earned'),
(907, 1, '2019-06-03 17:50:46', 24, 1, 'used'),
(908, 5, '2019-06-03 17:53:34', 24, 5, 'earned'),
(909, 24, '2019-06-03 17:54:03', 24, 24, 'earned'),
(910, 1, '2019-06-03 17:54:07', 24, 1, 'used'),
(911, 5, '2019-06-03 17:54:41', 24, 5, 'earned'),
(912, 24, '2019-06-03 17:55:11', 24, 24, 'earned'),
(913, 1, '2019-06-03 17:55:19', 24, 1, 'used'),
(914, 1, '2019-06-03 17:55:42', 24, 1, 'earned'),
(915, 1, '2019-06-03 17:55:51', 24, 1, 'used'),
(916, 52, '2019-06-03 18:02:09', 24, 52, 'earned'),
(917, 1, '2019-06-03 18:02:15', 24, 1, 'used'),
(918, 5, '2019-06-03 18:02:59', 24, 5, 'earned'),
(919, 1, '2019-06-03 18:03:08', 24, 1, 'used'),
(920, 95, '2019-06-03 18:11:33', 24, 95, 'earned'),
(921, 1, '2019-06-03 18:11:41', 24, 1, 'used'),
(922, 2, '2019-06-06 11:39:51', 24, 2, 'earned'),
(923, 5, '2019-06-06 12:26:03', 24, 5, 'earned'),
(924, 2, '2019-07-25 22:44:23', 32, 2, 'earned'),
(925, 5, '2019-07-25 23:14:38', 38, 5, 'earned'),
(926, 10, '2019-07-25 23:16:03', 38, 10, 'earned'),
(927, 8, '2019-07-25 23:17:47', 38, 8, 'earned'),
(929, 5, '2019-07-26 11:34:09', 38, 5, 'earned'),
(934, 30, '2019-07-28 22:49:22', 38, 30, 'earned'),
(935, 5, '2019-07-28 22:52:40', 38, 20, 'used'),
(936, 18, '2019-07-28 22:53:41', 38, 18, 'earned'),
(937, 5, '2019-07-28 22:57:37', 38, 20, 'used'),
(938, 24, '2019-07-28 23:05:59', 38, 24, 'earned'),
(939, 15, '2019-07-28 23:06:21', 38, 60, 'used'),
(940, 45, '2019-07-28 23:09:45', 38, 45, 'earned'),
(941, 15, '2019-07-28 23:09:52', 38, 60, 'used'),
(942, 10, '2019-07-28 23:10:43', 38, 10, 'earned'),
(943, 15, '2019-07-28 23:11:55', 38, 60, 'used'),
(944, 1, '2019-07-28 23:12:24', 38, 1, 'earned'),
(945, 15, '2019-07-28 23:12:33', 38, 60, 'used'),
(946, 1, '2019-07-28 23:13:12', 38, 1, 'earned'),
(947, 15, '2019-07-28 23:13:14', 38, 60, 'used'),
(948, 5, '2019-07-29 00:02:07', 38, 5, 'earned'),
(949, 60, '2019-07-29 00:02:34', 38, 60, 'earned'),
(950, 15, '2019-07-29 00:03:17', 38, 60, 'used'),
(951, 15, '2019-07-29 00:03:28', 38, 60, 'used'),
(952, 5, '2019-07-29 00:03:39', 38, 5, 'earned'),
(953, 15, '2019-07-29 00:03:53', 38, 60, 'used'),
(954, 2, '2019-07-29 00:04:16', 38, 2, 'earned'),
(955, 15, '2019-07-29 00:04:31', 38, 60, 'used'),
(956, 5, '2019-07-29 00:07:54', 38, 5, 'earned'),
(957, 5, '2019-07-29 00:10:56', 38, 5, 'earned'),
(958, 10, '2019-07-29 00:11:40', 38, 10, 'earned'),
(959, 331, '2019-07-29 00:12:12', 38, 331, 'earned'),
(960, 15, '2019-07-29 00:12:23', 38, 60, 'used'),
(961, 5, '2019-07-29 00:13:55', 38, 5, 'earned'),
(962, 5, '2019-07-29 00:15:01', 38, 5, 'earned'),
(963, 1, '2019-07-29 00:15:23', 38, 1, 'earned'),
(964, 15, '2019-07-29 00:15:39', 38, 60, 'used'),
(965, 2, '2019-07-29 10:57:12', 38, 2, 'earned'),
(966, 5, '2019-07-29 11:07:23', 38, 5, 'earned'),
(967, 15, '2019-07-29 11:07:44', 38, 60, 'used'),
(968, 15, '2019-08-01 10:16:12', 38, 15, 'earned'),
(969, 15, '2019-08-01 10:16:18', 38, 60, 'used'),
(970, 15, '2019-08-01 10:16:53', 38, 15, 'earned'),
(971, 15, '2019-08-01 10:16:59', 38, 60, 'used'),
(972, 15, '2019-08-01 10:17:31', 38, 15, 'earned'),
(973, 15, '2019-08-01 10:17:35', 38, 60, 'used'),
(974, 1, '2019-08-01 10:18:21', 38, 1, 'earned'),
(975, 15, '2019-08-01 10:18:25', 38, 60, 'used'),
(976, 25, '2019-08-01 10:19:24', 38, 25, 'earned'),
(977, 15, '2019-08-01 10:19:28', 38, 60, 'used'),
(978, 25, '2019-08-01 10:19:48', 38, 25, 'earned'),
(979, 15, '2019-08-01 10:19:50', 38, 60, 'used'),
(980, 65, '2019-08-01 10:21:34', 38, 65, 'earned'),
(981, 15, '2019-08-01 10:21:37', 38, 60, 'used'),
(982, 65, '2019-08-01 10:22:09', 38, 65, 'earned'),
(983, 15, '2019-08-01 10:22:11', 38, 60, 'used'),
(984, 25, '2019-08-01 10:22:39', 38, 25, 'earned'),
(985, 15, '2019-08-01 10:22:42', 38, 60, 'used'),
(986, 654, '2019-08-01 10:22:56', 38, 654, 'earned'),
(987, 15, '2019-08-01 10:22:59', 38, 60, 'used'),
(988, 15, '2019-08-01 10:32:07', 38, 15, 'earned'),
(989, 15, '2019-08-01 10:32:26', 38, 15, 'earned'),
(990, 60, '2019-08-01 10:33:13', 38, 60, 'earned'),
(991, 15, '2019-08-01 10:33:18', 38, 60, 'used'),
(992, 60, '2019-08-01 10:34:27', 38, 60, 'earned'),
(993, 15, '2019-08-01 10:34:30', 38, 60, 'used'),
(994, 15, '2019-08-01 10:34:50', 38, 15, 'earned'),
(995, 15, '2019-08-01 10:35:03', 38, 60, 'used'),
(996, 60, '2019-08-01 10:43:11', 38, 900, 'earned'),
(997, 15, '2019-08-01 10:43:33', 38, 60, 'used'),
(998, 15, '2019-08-01 10:44:06', 38, 225, 'earned'),
(999, 15, '2019-08-01 10:44:35', 38, 60, 'used'),
(1000, 10, '2019-08-01 10:46:26', 38, 50, 'earned'),
(1001, 15, '2019-08-01 10:47:05', 38, 60, 'used'),
(1002, 15, '2019-08-01 10:47:18', 38, 15, 'earned'),
(1003, 15, '2019-08-01 10:48:01', 38, 60, 'used'),
(1004, 15, '2019-08-01 10:48:19', 38, 75, 'earned'),
(1005, 15, '2019-08-01 10:48:31', 38, 60, 'used'),
(1006, 15, '2019-08-01 11:20:41', 38, 75, 'earned'),
(1007, 25, '2019-08-06 14:50:51', 40, 0, 'earned'),
(1008, 0, '2019-08-06 14:50:57', 40, 0, 'used'),
(1009, 10, '2019-02-05 22:45:15', 3, 5.5, 'used'),
(1010, 15, '2019-08-09 12:43:18', 29, 3, 'earned'),
(1011, 2, '2019-08-11 12:14:36', 28, 2, 'earned'),
(1012, 8, '2019-08-11 13:55:20', 28, 8, 'earned'),
(1013, 5, '2019-08-11 20:57:52', 41, 5, 'earned'),
(1014, 10, '2019-08-11 20:58:56', 41, 10, 'earned'),
(1015, 2, '2019-08-11 21:05:50', 41, 2, 'earned'),
(1016, 5, '2019-08-11 21:06:54', 41, 1, 'used'),
(1017, 15, '2019-08-12 09:02:23', 41, 3, 'earned'),
(1018, 15, '2019-08-12 14:20:10', 38, 3, 'earned'),
(1019, 15, '2019-08-12 14:20:22', 38, 60, 'used'),
(1020, 15, '2019-08-12 14:20:49', 38, 3, 'earned'),
(1021, 15, '2019-08-12 14:21:04', 38, 60, 'used'),
(1022, 35, '2019-08-12 14:25:21', 38, 7, 'earned'),
(1023, 250, '2019-08-12 14:26:22', 38, 50, 'earned'),
(1024, 250, '2019-08-12 14:26:50', 38, 50, 'earned'),
(1025, 15, '2019-08-12 14:26:55', 38, 60, 'used'),
(1026, 15, '2019-08-12 14:30:30', 38, 3, 'earned'),
(1027, 15, '2019-08-12 14:30:47', 38, 60, 'used'),
(1028, 0, '2019-08-12 14:40:57', 38, 0, 'earned'),
(1029, 15, '2019-08-12 14:41:01', 38, 60, 'used'),
(1030, 15, '2019-08-12 14:43:57', 38, 3, 'earned'),
(1031, 15, '2019-08-12 14:44:00', 38, 60, 'used');

--
-- Déclencheurs `transactions`
--
DELIMITER $$
CREATE TRIGGER `update_points` AFTER INSERT ON `transactions` FOR EACH ROW BEGIN

DECLARE shop_id integer;
DECLARE trans_id integer;
DECLARE points integer;
DECLARE userid integer;
SET  @shop_id =  NEW.shop_id;
SET @trans_id = NEW.id;
SET @points = NEW.points ;
SET @userid =  (SELECT user_id FROM transactions_user WHERE user_id= @trans_id);

UPDATE shop_user set points=points+@points 
WHERE user_id=@user_id and shop_id=@shop_id;

END
$$
DELIMITER ;

-- --------------------------------------------------------

--
-- Structure de la table `transactions_user`
--

CREATE TABLE `transactions_user` (
  `transactions_id` int(11) NOT NULL,
  `user_id` int(11) NOT NULL
) ENGINE=InnoDB DEFAULT CHARSET=utf8mb4 COLLATE=utf8mb4_unicode_ci;

--
-- Déchargement des données de la table `transactions_user`
--

INSERT INTO `transactions_user` (`transactions_id`, `user_id`) VALUES
(1, 2),
(1, 207),
(6, 2),
(15, 2),
(17, 2),
(25, 2),
(40, 2),
(41, 2),
(43, 2),
(43, 207),
(45, 2),
(47, 2),
(49, 2),
(50, 2),
(51, 2),
(52, 2),
(60, 2),
(61, 2),
(68, 2),
(69, 2),
(73, 2),
(74, 2),
(75, 2),
(76, 2),
(77, 2),
(78, 2),
(79, 2),
(80, 2),
(83, 2),
(86, 2),
(89, 2),
(91, 2),
(102, 2),
(104, 2),
(105, 2),
(113, 41),
(115, 41),
(116, 41),
(153, 41),
(173, 41),
(174, 41),
(175, 41),
(176, 41),
(177, 41),
(178, 41),
(193, 38),
(228, 103),
(229, 103),
(232, 103),
(322, 103),
(344, 103),
(345, 103),
(347, 103),
(404, 159),
(405, 159),
(406, 159),
(407, 159),
(420, 165),
(421, 165),
(424, 165),
(425, 165),
(426, 167),
(428, 167),
(429, 168),
(430, 159),
(432, 159),
(433, 169),
(434, 169),
(435, 169),
(458, 184),
(463, 187),
(464, 187),
(546, 103),
(550, 103),
(604, 238),
(675, 258),
(726, 273),
(727, 273),
(728, 273),
(729, 273),
(730, 273),
(754, 311),
(755, 311),
(756, 311),
(780, 311),
(781, 311),
(787, 311),
(788, 321),
(789, 321),
(790, 321),
(791, 321),
(792, 322),
(793, 322),
(794, 322),
(795, 322),
(800, 322),
(807, 311),
(808, 311),
(809, 311),
(810, 288),
(816, 311),
(817, 311),
(818, 311),
(819, 322),
(824, 311),
(825, 311),
(826, 311),
(827, 333),
(833, 311),
(834, 311),
(853, 342),
(854, 342),
(855, 342),
(856, 342),
(857, 342),
(858, 342),
(859, 344),
(860, 344),
(861, 344),
(862, 344),
(863, 344),
(864, 342),
(865, 342),
(866, 342),
(867, 342),
(868, 342),
(869, 342),
(875, 342),
(876, 342),
(877, 342),
(878, 342),
(879, 342),
(880, 342),
(881, 342),
(882, 342),
(883, 342),
(884, 342),
(885, 350),
(886, 342),
(887, 342),
(888, 350),
(889, 350),
(891, 352),
(895, 342),
(896, 344),
(897, 344),
(898, 344),
(899, 342),
(900, 342),
(901, 342),
(902, 342),
(903, 342),
(904, 354),
(905, 342),
(906, 355),
(907, 355),
(908, 344),
(909, 344),
(910, 344),
(911, 344),
(912, 344),
(913, 344),
(914, 344),
(915, 344),
(916, 356),
(917, 356),
(918, 344),
(919, 344),
(920, 344),
(921, 344),
(922, 342),
(923, 342),
(924, 342),
(925, 342),
(926, 273),
(927, 41),
(929, 342),
(948, 342),
(949, 342),
(950, 342),
(951, 342),
(952, 342),
(953, 342),
(954, 342),
(955, 342),
(956, 342),
(957, 342),
(958, 342),
(959, 342),
(960, 342),
(961, 342),
(962, 342),
(963, 342),
(964, 342),
(966, 342),
(967, 342),
(988, 363),
(989, 363),
(990, 363),
(991, 363),
(992, 363),
(993, 363),
(994, 363),
(995, 363),
(996, 363),
(997, 363),
(998, 363),
(999, 363),
(1000, 363),
(1001, 363),
(1002, 363),
(1003, 363),
(1004, 363),
(1005, 363),
(1006, 342),
(1007, 365),
(1008, 365),
(1009, 207),
(1010, 365),
(1011, 366),
(1012, 367),
(1013, 365),
(1014, 365),
(1015, 365),
(1016, 365),
(1017, 365),
(1018, 363),
(1019, 363),
(1020, 363),
(1021, 363),
(1022, 368),
(1023, 368),
(1024, 368),
(1025, 368),
(1026, 368),
(1027, 368),
(1028, 368),
(1029, 368),
(1030, 368),
(1031, 368);

-- --------------------------------------------------------

--
-- Structure de la table `user`
--

CREATE TABLE `user` (
  `id` int(11) NOT NULL,
  `api_token` varchar(180) COLLATE utf8mb4_unicode_ci DEFAULT NULL,
  `username` varchar(180) COLLATE utf8mb4_unicode_ci DEFAULT NULL,
  `roles` varchar(180) COLLATE utf8mb4_unicode_ci NOT NULL,
  `password` varchar(255) COLLATE utf8mb4_unicode_ci NOT NULL,
  `tel` varchar(30) COLLATE utf8mb4_unicode_ci NOT NULL,
  `firstname` varchar(255) COLLATE utf8mb4_unicode_ci DEFAULT NULL,
  `lastname` varchar(255) COLLATE utf8mb4_unicode_ci DEFAULT NULL,
  `email` varchar(120) COLLATE utf8mb4_unicode_ci DEFAULT NULL,
  `address` varchar(255) COLLATE utf8mb4_unicode_ci DEFAULT NULL,
  `city` varchar(255) COLLATE utf8mb4_unicode_ci DEFAULT NULL,
  `zip` varchar(10) COLLATE utf8mb4_unicode_ci DEFAULT NULL,
  `created` datetime DEFAULT CURRENT_TIMESTAMP,
  `countrycode` varchar(5) COLLATE utf8mb4_unicode_ci NOT NULL DEFAULT 'be',
  `etat` tinyint(1) NOT NULL DEFAULT '1'
) ENGINE=InnoDB DEFAULT CHARSET=utf8mb4 COLLATE=utf8mb4_unicode_ci;

--
-- Déchargement des données de la table `user`
--

INSERT INTO `user` (`id`, `api_token`, `username`, `roles`, `password`, `tel`, `firstname`, `lastname`, `email`, `address`, `city`, `zip`, `created`, `countrycode`, `etat`) VALUES
(2, NULL, 'Origin Bio', '{\"0\":\"ROLE_USER\",\"6\":\"ROLE_VENDOR\"}', '$argon2i$v=19$m=1024,t=2,p=2$TzJMdnRIVWcyMUJmMnF0OA$MApjp73MHCMlhhVwF/JOjzvbX353Qg4Aq1IFPSXLaDc', '02 486 14 02', 'Origin', 'Bio', 'Maxence@modullo.net', 'Avenue Einstein 16', 'Bruxelles', '1000', '2019-02-15 00:00:00', 'be', 1),
(38, NULL, 'bbcom', '{\"0\":\"ROLE_USER\",\"2\":\"ROLE_VENDOR\"}', '$argon2i$v=19$m=1024,t=2,p=2$TzJMdnRIVWcyMUJmMnF0OA$MApjp73MHCMlhhVwF/JOjzvbX353Qg4Aq1IFPSXLaDc', '', 'Test', 'Magasin 2', 'spa@modullo.net', 'Avenue Einstein 16', 'Wavre', '1300', NULL, 'be', 1),
(41, '7c5e3c32a202e2f84643082f5df81ebe', 'SPBusiness', '[\"ROLE_ADMIN\"]', '$argon2i$v=19$m=1024,t=2,p=2$LjJQdHRyeFkzdkdiLkYvRA$jv8+BnpgpeU61KW67vOaYFKBgWJuzaxVKRQ1zHi8rd8', '0475 56 30 34', 'Business', 'SP', 'pro@fidelityshop.be', 'adresse', 'Ostiches', '7804', NULL, 'be', 1),
(55, NULL, 'vendor', '[\"ROLE_USER\",\"ROLE_VENDOR\"]', '$argon2i$v=19$m=1024,t=2,p=2$TzJMdnRIVWcyMUJmMnF0OA$MApjp73MHCMlhhVwF/JOjzvbX353Qg4Aq1IFPSXLaDc', '000000', 'vendor', 'vendor', 'test@test.com', 'dgfdgdf', 'fdgfd', 'fgfhgf', '2019-02-21 02:13:05', 'be', 1),
(103, NULL, NULL, '[\"ROLE_USER\",\"ROLE_CUSTOMER\"]', '$argon2i$v=19$m=1024,t=2,p=2$VUxpTkVJS0tkNXlSL1RGQQ$RxbahInf302EY86pS1QOZrimGZSGfhOixxVDXvJHR0o', '047556303', 'Sandro', 'Payfa', NULL, NULL, 'Wemmel', '1780', '2019-02-21 09:11:36', 'be', 1),
(159, NULL, NULL, '[\"ROLE_USER\",\"ROLE_CUSTOMER\"]', '$argon2i$v=19$m=1024,t=2,p=2$L0dVdGllMjJ6dFR3c3lCTQ$tV3U5UH0JrWV6+jQPt3KQesdSR9pNQ7WWnLwzRplcF4', '0479293114', 'Maxime', 'Druet', 'maxime.druet@gmail.com', NULL, 'Bruxelles', '1000', '2019-03-01 21:37:14', 'be', 1),
(165, NULL, NULL, '[\"ROLE_USER\",\"ROLE_CUSTOMER\"]', '$argon2i$v=19$m=1024,t=2,p=2$MXo4MksxMW1NdkJiMTRYOA$JFNEJ85QkMucw2xGtcCxJE+sUW4yOq4RP8xrzz8Xnxk', '0475563030', 'Sandro', 'Payfa', 'user.hr@gmail.com', NULL, 'Wemmel', '1780', '2019-03-05 07:48:34', 'be', 1),
(167, NULL, NULL, '[\"ROLE_USER\",\"ROLE_CUSTOMER\"]', '5c7e1cf99c4f6', '0489121811', '', '', NULL, NULL, NULL, NULL, '2019-03-05 07:53:45', 'be', 1),
(168, NULL, NULL, '[\"ROLE_USER\",\"ROLE_CUSTOMER\"]', '5c7e2e41b5603', '0475563033', '', '', NULL, NULL, NULL, NULL, '2019-03-05 09:07:29', 'be', 1),
(169, NULL, NULL, '[\"ROLE_USER\",\"ROLE_CUSTOMER\"]', '5c7e3fc95463f', '0475563036', '', '', NULL, NULL, NULL, NULL, '2019-03-05 10:22:17', 'be', 1),
(184, NULL, NULL, '[\"ROLE_USER\",\"ROLE_CUSTOMER\"]', '5c7e95a64ccfb', '0475790302', '', '', NULL, NULL, NULL, NULL, '2019-03-05 16:28:38', 'be', 1),
(187, NULL, NULL, '[\"ROLE_USER\",\"ROLE_CUSTOMER\"]', '5c7ecc8de2199', '0495748841', '', '', NULL, NULL, NULL, NULL, '2019-03-05 20:22:53', 'be', 1),
(207, NULL, NULL, '[\"ROLE_USER\",\"ROLE_CUSTOMER\"]', '5c80c777279b6', '0487350054', '', '', NULL, NULL, NULL, NULL, '2019-03-07 08:25:43', 'be', 1),
(208, NULL, NULL, '[\"ROLE_USER\",\"ROLE_CUSTOMER\"]', '5c80c8bdaf699', '0499747259', '', '', NULL, NULL, NULL, NULL, '2019-03-07 08:31:09', 'be', 1),
(209, NULL, NULL, '[\"ROLE_USER\",\"ROLE_CUSTOMER\"]', '5c80c8e47c3b3', '0478626614', '', '', 'sandropayfa@gmail.com', NULL, NULL, NULL, '2019-03-07 08:31:48', 'be', 1),
(210, NULL, NULL, '[\"ROLE_USER\",\"ROLE_CUSTOMER\"]', '$argon2i$v=19$m=1024,t=2,p=2$ZWhnUGlmNFdLSGdrR2djNw$Hlc0GD0lZ6LM1BQILpeTkcaXVurdFbbb4te2h40r2fo', '0484780943', 'Loic', 'De donder', 'Dedonder.loic@live.be', NULL, 'Wemmel', '1780', '2019-03-07 08:35:43', 'be', 1),
(238, NULL, NULL, '[\"ROLE_USER\",\"ROLE_CUSTOMER\"]', '5c8518162a804', '0474485052', '', '', NULL, NULL, NULL, NULL, '2019-03-10 14:58:46', 'be', 1),
(258, NULL, NULL, '[\"ROLE_USER\",\"ROLE_CUSTOMER\"]', '5c854f4791f12', '0477250946', '', '', NULL, NULL, NULL, NULL, '2019-03-10 18:54:15', 'be', 1),
(273, 'cc73e9613e4a7426b5a3ef8b0e160025', NULL, '[\"ROLE_USER\",\"ROLE_CUSTOMER\"]', '$argon2i$v=19$m=1024,t=2,p=2$SHp4ZUhIWmxCbm1RRGl2Sg$uIIu1vdhy8vkf5xwkP5A8kf7y4JDX9n6Yafdv6h/r0c', '0468528433', 'Charlotte', 'Gigli', 'gigli.charlotte@live.be', NULL, 'Wemmel', '1780', '2019-03-13 10:44:13', 'be', 1),
(285, NULL, NULL, '[\"ROLE_USER\",\"ROLE_CUSTOMER\"]', '$argon2i$v=19$m=1024,t=2,p=2$OGR1OGhiV3V3Y1pDSUkxRw$QnOXoMvaxjgCy4s1rodxhEadYhK0gk9/SQujYipHmlM', '072856906', 'Hakim', 'Labidi', 'hakimlabidi@hotmail.com', NULL, 'Oreye', '4360', NULL, 'be', 1),
(288, NULL, NULL, '[\"ROLE_USER\",\"ROLE_CUSTOMER\"]', '$argon2i$v=19$m=1024,t=2,p=2$ODFGY045cnp5d1hKZTFqWA$SU6SjYuRQo/ctj++d3+09uMvrB9dc6gdHxAM/mM9hbs', '020202020202', 'Louis', 'Andriani', 'louis@oaer.com', NULL, '1111', '1111', NULL, 'be', 1),
(294, NULL, NULL, '[\"ROLE_USER\",\"ROLE_CUSTOMER\"]', '$argon2i$v=19$m=1024,t=2,p=2$bGFPTDhadlYzMnZ5djlQaQ$I0KyJl8CmMiednzrdFZewUdeLwog7phF1HCOKWSTO5c', '874654', 'dg', 'dg', 'fg@dfg.fg', NULL, 'fdgfd', 'fgfhgf', NULL, 'be', 1),
(310, NULL, NULL, '[\"ROLE_USER\",\"ROLE_CUSTOMER\"]', '$argon2i$v=19$m=1024,t=2,p=2$MHd0OGVyeG81cVJhRlgvbg$YskGN4kEStjV/SPXosuli1rAcmjGbE59ffsaXK1dAE8', '43434343', 'BADR', 'BLOUH', 'bbcomsoftcom@gmail.com', NULL, 'CASA', '40000', NULL, 'be', 1),
(311, NULL, NULL, '[\"ROLE_USER\",\"ROLE_CUSTOMER\"]', '$argon2i$v=19$m=1024,t=2,p=2$NVdnNmtrblQ3S3hIeEtUTw$AZRyKESaiz5FJvKpthT3QzGotLN7xI3DktdHvGN0bBQ', '99', 'prenom', 'nom', 'ghgf@hfgh.com', NULL, 'ville', '22552', '2019-04-02 13:01:34', 'be', 1),
(321, NULL, NULL, '[\"ROLE_USER\",\"ROLE_CUSTOMER\"]', '$argon2i$v=19$m=1024,t=2,p=2$dnhMMVZoeXNLTEFDVkVJSQ$IhysSa74wfUkmLXoA0FIXfwlCoom1vCMvfR/AOs/x4Q', '12221', 'test', 'ionic', 'bbcomsoftcomb@gmail.com', NULL, 'ionic casa', '65656', '2019-04-08 13:27:31', 'be', 1),
(322, NULL, NULL, '[\"ROLE_USER\",\"ROLE_CUSTOMER\"]', '$argon2i$v=19$m=1024,t=2,p=2$aDRmcDlMMm1rZ0J0UUVmdw$BMwuWv2de6RvDq6xAQZ6NK65e9ng7j4S21dmsYtXwks', '11', 'test', 'test', 'bbcomsoftcombs@gmail.com', NULL, 'casa', '76777', '2019-04-08 14:35:37', 'be', 1),
(333, NULL, NULL, '[\"ROLE_USER\",\"ROLE_CUSTOMER\"]', '5cae5fbb4bee7', '08991235', '', '', NULL, NULL, NULL, NULL, '2019-04-10 23:27:23', 'be', 1),
(342, '9f5d20373f6a65027d656f3cececdb0f', NULL, '[\"ROLE_USER\",\"ROLE_CUSTOMER\"]', '$argon2i$v=19$m=1024,t=2,p=2$NDg3T3JDbDNsLmtjanA2MQ$ZZ52UdVxrFNDMBXQYMMthlHAOqqw84Muh9hqplxGoGU', '0475 56 30 35', 'Sandro', 'Payfa', 'demo@demo.be', NULL, 'Wemmel', '1780', '2019-08-01 10:00:00', 'be', 1),
(343, NULL, NULL, '{\"0\":\"ROLE_USER\",\"8\":\"ROLE_VENDOR\"}', '$argon2i$v=19$m=1024,t=2,p=2$TFYvMVo1Yi5lSG95aHVkNQ$v8n1HxwoP4X/62y4ZJQqwUYeSwxQi89Meo6EJ8Tig1I', '0498690391‬', 'Quentin', 'Vandenbulcke', 'quentin@quentin.com', NULL, 'Bruxelles', '1050', NULL, 'be', 1),
(344, NULL, NULL, '[\"ROLE_USER\",\"ROLE_CUSTOMER\"]', '$argon2i$v=19$m=1024,t=2,p=2$VDFxa2hoL3BLa3ZzYTBHdw$Cc7gQUXtmEG6UlCSxnh2WZVBHfrFyYlOR5NMM90MV8A', '0489242699', 'undefined', 'undefined', 'undefined', NULL, 'undefined', 'undefined', '2019-04-23 14:07:10', 'be', 1),
(348, NULL, NULL, '[\"ROLE_USER\",\"ROLE_CUSTOMER\"]', '$argon2i$v=19$m=1024,t=2,p=2$SmliRjRGZk1vMTNGVVI3bA$Bp0xUanRhYMMwg/HaYjaeXx296A4STI+HGRDF5JM9qU', '80804564531', 'hicham', 'hr', 'fctanandt@gmail.com', NULL, 'jgh', '45', NULL, 'be', 1),
(350, NULL, NULL, '[\"ROLE_USER\",\"ROLE_CUSTOMER\"]', '5cdd6209948aa', '0495247508', '', '', NULL, NULL, NULL, NULL, '2019-05-16 15:13:45', 'be', 1),
(352, NULL, NULL, '[\"ROLE_USER\",\"ROLE_CUSTOMER\"]', '5cdd73f93c7e1', '049524750808', '', '', NULL, NULL, NULL, NULL, '2019-05-16 16:30:17', 'be', 1),
(354, NULL, NULL, '[\"ROLE_USER\",\"ROLE_CUSTOMER\"]', '5cf52816b440c', '049524750', '', '', NULL, NULL, NULL, NULL, '2019-06-03 16:00:54', 'be', 1),
(355, NULL, NULL, '[\"ROLE_USER\",\"ROLE_CUSTOMER\"]', '5cf541460f0ff', '0476927028', '', '', NULL, NULL, NULL, NULL, '2019-06-03 17:48:22', 'be', 1),
(356, NULL, NULL, '[\"ROLE_USER\",\"ROLE_CUSTOMER\"]', '5cf5448135604', '048924699', '', '', NULL, NULL, NULL, NULL, '2019-06-03 18:02:09', 'be', 1),
(357, NULL, NULL, '{\"0\":\"ROLE_USER\",\"2\":\"ROLE_VENDOR\"}', '$argon2i$v=19$m=1024,t=2,p=2$WWhnMzNVcS9KZU52cWVWVA$XI/4R5sniQyxc+77EosQR4SYNH8GK62ucPkRPHQ06Ac', '023193677', 'Bar', 'Atelier', 'info@barlatelier.be', NULL, 'Frasnes-lez-Anvaing', '7910', NULL, 'be', 1),
(358, NULL, NULL, '[\"ROLE_USER\",\"ROLE_CUSTOMER\"]', '$argon2i$v=19$m=1024,t=2,p=2$WFNuY2RqWDFaNGJDbURaRg$MvRpZma6QAzHOfNetfjLkTITEKTQdwwlPnzsK2taL9I', '0475 56 30 38', 'Lou', 'Payfa', 'sandropayfa@icloud.com', NULL, 'Ostiches', '7804', NULL, 'be', 1),
(359, NULL, NULL, '{\"0\":\"ROLE_USER\",\"3\":\"ROLE_VENDOR\"}', '$argon2i$v=19$m=1024,t=2,p=2$Ui5yLmM5WFpxRWl1Vlh0MQ$q2R8sd+0wAuqjhpmaf59O0TIyAll5nf2GHGFFOodbkA', '0489 63 19 93', 'Jonathan', 'Veltri', 'jv@atomes.be', NULL, 'Wavre', '1300', NULL, 'be', 1),
(363, NULL, NULL, '[\"ROLE_USER\",\"ROLE_CUSTOMER\"]', '$argon2i$v=19$m=1024,t=2,p=2$cExZTUZqdDVXMXcxelVNRQ$5CSNWfnz+n6ROU0MkDqD9xBt17JIDm+Q6r9So+/+0wU', '0489631994', 'Jonathan', 'Veltri', 'jonathan.veltri@icloud.com', NULL, 'Namur', '5000', NULL, 'be', 1),
(364, NULL, NULL, '{\"0\":\"ROLE_USER\",\"2\":\"ROLE_VENDOR\"}', '$argon2i$v=19$m=1024,t=2,p=2$S0UwTi5wZjZzT3ZVZ1hOTg$E7khDc2RZk+17Vw6XqlP7dnvbsxSEP5+PYHgIqNfhDA', '0486028593', 'Florian', 'Decort', 'floriandecort@hotmail.com', NULL, 'Ixelles', '1050', NULL, 'be', 1),
(365, NULL, NULL, '[\"ROLE_USER\",\"ROLE_CUSTOMER\"]', '$argon2i$v=19$m=1024,t=2,p=2$OC80Vjl5Nk5Pam5MazZPeA$r0vzCOjBV1uO1ohn731k7W8mYR+nZK/7DgDQvnbJnT0', '0475563035', 'Test', 'Test', 'conact@spbusiness.eu', NULL, 'Test', '1280', '2019-08-06 14:50:51', 'be', 1),
(366, NULL, NULL, '[\"ROLE_USER\",\"ROLE_CUSTOMER\"]', '5d4fea8c54057', '2222', '', '', NULL, NULL, NULL, NULL, '2019-08-11 12:14:36', 'be', 1),
(367, NULL, NULL, '[\"ROLE_USER\",\"ROLE_CUSTOMER\"]', '5d5002285b689', '85', '', '', NULL, NULL, NULL, NULL, '2019-08-11 13:55:20', 'be', 1),
(368, NULL, NULL, '[\"ROLE_USER\",\"ROLE_CUSTOMER\"]', '$argon2i$v=19$m=1024,t=2,p=2$Y0x4cXRtL096VE5iTkZ3Wg$S4OVXfupzcuzZPEZqLqpc7DpV7UGsp9g9J7S50Lhv9I', '0489123456', 'Test', 'Test', 'Test@test.be', NULL, 'Test', '1000', '2019-08-12 14:25:21', 'be', 1);

--
-- Index pour les tables déchargées
--

--
-- Index pour la table `licence`
--
ALTER TABLE `licence`
  ADD PRIMARY KEY (`id`),
  ADD KEY `IDX_1DAAE648F603EE73` (`vendor_id`),
  ADD KEY `IDX_1DAAE6484D16C4DD` (`shop_id`);

--
-- Index pour la table `migration_versions`
--
ALTER TABLE `migration_versions`
  ADD PRIMARY KEY (`version`);

--
-- Index pour la table `shop`
--
ALTER TABLE `shop`
  ADD PRIMARY KEY (`id`),
  ADD KEY `IDX_AC6A4CA29D86650F` (`user_id_id`);

--
-- Index pour la table `shop_user`
--
ALTER TABLE `shop_user`
  ADD PRIMARY KEY (`shop_id`,`user_id`),
  ADD KEY `IDX_4C6130324D16C4DD` (`shop_id`),
  ADD KEY `IDX_4C613032A76ED395` (`user_id`);

--
-- Index pour la table `transactions`
--
ALTER TABLE `transactions`
  ADD PRIMARY KEY (`id`),
  ADD KEY `IDX_EAA81A4C4D16C4DD` (`shop_id`);

--
-- Index pour la table `transactions_user`
--
ALTER TABLE `transactions_user`
  ADD PRIMARY KEY (`transactions_id`,`user_id`),
  ADD KEY `IDX_1EBB35F77E1607F` (`transactions_id`),
  ADD KEY `IDX_1EBB35FA76ED395` (`user_id`);

--
-- Index pour la table `user`
--
ALTER TABLE `user`
  ADD PRIMARY KEY (`id`),
  ADD UNIQUE KEY `tel` (`tel`),
  ADD UNIQUE KEY `email` (`email`),
  ADD UNIQUE KEY `username` (`username`);

--
-- AUTO_INCREMENT pour les tables déchargées
--

--
-- AUTO_INCREMENT pour la table `licence`
--
ALTER TABLE `licence`
  MODIFY `id` int(11) NOT NULL AUTO_INCREMENT, AUTO_INCREMENT=145;
--
-- AUTO_INCREMENT pour la table `shop`
--
ALTER TABLE `shop`
  MODIFY `id` int(11) NOT NULL AUTO_INCREMENT, AUTO_INCREMENT=42;
--
-- AUTO_INCREMENT pour la table `transactions`
--
ALTER TABLE `transactions`
  MODIFY `id` int(11) NOT NULL AUTO_INCREMENT, AUTO_INCREMENT=1032;
--
-- AUTO_INCREMENT pour la table `user`
--
ALTER TABLE `user`
  MODIFY `id` int(11) NOT NULL AUTO_INCREMENT, AUTO_INCREMENT=369;
--
-- Contraintes pour les tables déchargées
--

--
-- Contraintes pour la table `licence`
--
ALTER TABLE `licence`
  ADD CONSTRAINT `FK_1DAAE6484D16C4DD` FOREIGN KEY (`shop_id`) REFERENCES `shop` (`id`),
  ADD CONSTRAINT `FK_1DAAE648F603EE73` FOREIGN KEY (`vendor_id`) REFERENCES `user` (`id`);

--
-- Contraintes pour la table `shop`
--
ALTER TABLE `shop`
  ADD CONSTRAINT `FK_AC6A4CA29D86650F` FOREIGN KEY (`user_id_id`) REFERENCES `user` (`id`);

--
-- Contraintes pour la table `shop_user`
--
ALTER TABLE `shop_user`
  ADD CONSTRAINT `FK_4C6130324D16C4DD` FOREIGN KEY (`shop_id`) REFERENCES `shop` (`id`) ON DELETE CASCADE,
  ADD CONSTRAINT `FK_4C613032A76ED395` FOREIGN KEY (`user_id`) REFERENCES `user` (`id`) ON DELETE CASCADE;

--
-- Contraintes pour la table `transactions`
--
ALTER TABLE `transactions`
  ADD CONSTRAINT `FK_EAA81A4C4D16C4DD` FOREIGN KEY (`shop_id`) REFERENCES `shop` (`id`);

--
-- Contraintes pour la table `transactions_user`
--
ALTER TABLE `transactions_user`
  ADD CONSTRAINT `FK_1EBB35F77E1607F` FOREIGN KEY (`transactions_id`) REFERENCES `transactions` (`id`) ON DELETE CASCADE,
  ADD CONSTRAINT `FK_1EBB35FA76ED395` FOREIGN KEY (`user_id`) REFERENCES `user` (`id`) ON DELETE CASCADE;
COMMIT;

/*!40101 SET CHARACTER_SET_CLIENT=@OLD_CHARACTER_SET_CLIENT */;
/*!40101 SET CHARACTER_SET_RESULTS=@OLD_CHARACTER_SET_RESULTS */;
/*!40101 SET COLLATION_CONNECTION=@OLD_COLLATION_CONNECTION */;
